"","X.1","X","IdNumber","FirstName","zip","city","state","latitude","longitude"
"1",1,1,11079,"Thomas",210,"Portsmouth","NH",43.005895,-71.013202
"2",2,2,14833,"Kimberly",211,"Portsmouth","NH",43.005895,-71.013202
"3",3,3,15342,"John",212,"Portsmouth","NH",43.005895,-71.013202
"4",4,4,15451,"Frank",213,"Portsmouth","NH",43.005895,-71.013202
"5",5,5,16812,"David",214,"Portsmouth","NH",43.005895,-71.013202
"6",6,6,17039,"Jody",215,"Portsmouth","NH",43.005895,-71.013202
"7",7,7,17510,"William",501,"Holtsville","NY",40.922326,-72.637078
"8",8,8,19250,"Christopher",544,"Holtsville","NY",40.922326,-72.637078
"9",9,9,21090,"A.",601,"Adjuntas","PR",18.180103,-66.74947
"10",10,10,21215,"Julia",602,"Aguada","PR",18.363285,-67.18024
"11",11,11,35924,"Jane",603,"Aguadilla","PR",18.448619,-67.13422
"12",12,12,36049,"Julie",604,"Aguadilla","PR",18.498987,-67.13699
"13",13,13,38040,"David",605,"Aguadilla","PR",18.465162,-67.141486
"14",14,14,38373,"Faye",606,"Maricao","PR",18.182151,-66.9588
"15",15,15,39837,"James",607,"Aguas Buenas","PR",18.256995,-66.104657
"16",16,16,40190,"Mary",609,"Aibonito","PR",18.142002,-66.273278
"17",17,17,40647,"John",610,"Anasco","PR",18.288319,-67.13604
"18",18,18,41689,"Kathleen",611,"Angeles","PR",18.279531,-66.80217
"19",19,19,42536,"Nelson",612,"Arecibo","PR",18.449732,-66.69879
"20",20,20,43550,"David",613,"Arecibo","PR",18.458093,-66.732732
"21",21,21,43685,"Bradley",614,"Arecibo","PR",18.429675,-66.674506
"22",22,22,44375,"George",615,"Arroyo","PR",17.96977,-66.061459
"23",23,23,45316,"David",616,"Bajadero","PR",18.426748,-66.67669
"24",24,24,45534,"Abigail",617,"Barceloneta","PR",18.455499,-66.55575
"25",25,25,46431,"Amy",618,"Barranquitas","PR",18.185463,-66.305827
"26",26,26,48318,"Ronda",622,"Boqueron","PR",18.003125,-67.16745
"27",27,27,49762,"Charles",623,"Cabo Rojo","PR",18.08643,-67.15222
"28",28,28,50454,"Jamie",624,"Penuelas","PR",18.055399,-66.72602
"29",29,29,50610,"Wade",625,"Caguas","PR",18.232109,-66.039087
"30",30,30,51322,"Nancy",626,"Caguas","PR",18.235003,-66.037318
"31",31,31,52345,"Deborah",627,"Camuy","PR",18.435246,-66.85644
"32",32,32,53358,"Melanie",631,"Castaner","PR",18.186739,-66.85174
"33",33,33,54317,"Janet",633,"Cayey","PR",18.194527,-66.183467
"34",34,34,55755,"Nancy",634,"Cayey","PR",18.111528,-66.177083
"35",35,35,57975,"Stephen",635,"Ceiba","PR",18.262902,-65.646529
"36",36,36,58657,"Stephen",636,"Rosario","PR",18.113284,-67.039706
"37",37,37,58708,"Peggy",637,"Sabana Grande","PR",18.073078,-66.94864
"38",38,38,59336,"Douglas",638,"Ciales","PR",18.308139,-66.49835
"39",39,39,60358,"Eric",639,"Cidra","PR",18.176094,-66.158728
"40",40,40,60468,"Bijay",640,"Coamo","PR",18.077197,-66.359104
"41",41,41,63384,"John",641,"Utuado","PR",18.268896,-66.70519
"42",42,42,64887,"Christopher",643,"Corozal","PR",18.341254,-66.315194
"43",43,43,66166,"Duane",644,"Coto Laurel","PR",18.049577,-66.55218
"44",44,44,66464,"Peter",645,"Culebra","PR",18.308508,-65.304732
"45",45,45,66838,"Todd",646,"Dorado","PR",18.442798,-66.27689
"46",46,46,71629,"Kimberly",647,"Ensenada","PR",17.964529,-66.93993
"47",47,47,72335,"Teri",648,"Fajardo","PR",18.333038,-65.656182
"48",48,48,73475,"Alison",650,"Florida","PR",18.363331,-66.56773
"49",49,49,73937,"Robert",652,"Garrochales","PR",18.457453,-66.61217
"50",50,50,75623,"Curtis",653,"Guanica","PR",17.992112,-66.90097
"51",51,51,76610,"Valri",654,"Jobos","PR",17.979518,-66.117219
"52",52,52,78616,"Kathy",655,"Olimpo","PR",17.976371,-66.116795
"53",53,53,87055,"Thomas",656,"Guayanilla","PR",18.038866,-66.79168
"54",54,54,87259,"Bethanne",658,"Gurabo","PR",18.254137,-65.973605
"55",55,55,88395,"Bernadette",659,"Hatillo","PR",18.432956,-66.80039
"56",56,56,88766,"Melinda",660,"Hormigueros","PR",18.139108,-67.12085
"57",57,57,89596,"Cynthia",661,"Humacao","PR",18.150829,-65.826595
"58",58,58,91062,"Jon",662,"Isabela","PR",18.478855,-67.01973
"59",59,59,91339,"Hector",664,"Jayuya","PR",18.212565,-66.59243
"60",60,60,92252,"Kevin",665,"Ponce","PR",18.044224,-66.502103
"61",61,61,93504,"Douglas",666,"Juncos","PR",18.228952,-65.921356
"62",62,62,96904,"Krista",667,"Lajas","PR",18.017819,-67.04226
"63",63,63,97067,"Sandra",669,"Lares","PR",18.288418,-66.87503
"64",64,64,102175,"Robert",670,"Las Marias","PR",18.241343,-66.97604
"65",65,65,103116,"Igor",671,"Las Piedras","PR",18.1789,-65.869939
"66",66,66,105428,"K.",674,"Manati","PR",18.426137,-66.48697
"67",67,67,109099,"Alfred",676,"Moca","PR",18.37956,-67.08424
"68",68,68,109121,"Sanjay",677,"Rincon","PR",18.336121,-67.23675
"69",69,69,109366,"George",678,"Quebradillas","PR",18.442334,-66.93275
"70",70,70,110185,"John",680,"Mayaguez","PR",18.205232,-67.12655
"71",71,71,115884,"Nicolas",681,"Mayaguez","PR",18.219023,-67.508068
"72",72,72,115995,"Lisa",682,"Mayaguez","PR",18.208402,-67.15428
"73",73,73,121279,"Barbara",683,"San German","PR",18.092807,-67.04524
"74",74,74,121361,"Lori",685,"San Sebastian","PR",18.332595,-66.98104
"75",75,75,124446,"Brenda",687,"Morovis","PR",18.31708,-66.41528
"76",76,76,128553,"Joe",688,"Sabana Hoyos","PR",18.40415,-66.61348
"77",77,77,131104,"Todd",690,"San Antonio","PR",18.495369,-67.09867
"78",78,78,131241,"Reginald",692,"Vega Alta","PR",18.419666,-66.33186
"79",79,79,137738,"Laura",693,"Vega Baja","PR",18.440667,-66.3921
"80",80,80,137959,"Jason",694,"Vega Baja","PR",18.443109,-66.398302
"81",81,81,140226,"Kelly",698,"Yauco","PR",18.06547,-66.85587
"82",82,82,140327,"Michelle",703,"Aguas Buenas","PR",18.246205,-66.12827
"83",83,83,142854,"Derica",704,"Aguirre","PR",17.970112,-66.22291
"84",84,84,144828,"Bradley",705,"Aibonito","PR",18.12942,-66.26541
"85",85,85,147128,"William",707,"Maunabo","PR",18.014505,-65.91018
"86",86,86,147186,"Nichole",714,"Arroyo","PR",17.987288,-66.05552
"87",87,87,147726,"Christopher",715,"Mercedita","PR",18.003492,-66.55868
"88",88,88,150156,"Rick",716,"Ponce","PR",17.999066,-66.59965
"89",89,89,153238,"Shirley",717,"Ponce","PR",18.004303,-66.61374
"90",90,90,154623,"Sylvester",718,"Naguabo","PR",18.22048,-65.74293
"91",91,91,156134,"Christine",719,"Naranjito","PR",18.294571,-66.25098
"92",92,92,158778,"Doreen",720,"Orocovis","PR",18.217827,-66.42265
"93",93,93,159125,"John",721,"Palmer","PR",18.364161,-65.778288
"94",94,94,159673,"Suzanne",723,"Patillas","PR",18.023196,-66.0131
"95",95,95,161609,"Benjamin",725,"Caguas","PR",18.233927,-66.04502
"96",96,96,161843,"Virginia",726,"Caguas","PR",18.212965,-66.058033
"97",97,97,162280,"Timothy",727,"Caguas","PR",18.23,-66.03
"98",98,98,162638,"Mark",728,"Ponce","PR",18.013353,-66.65218
"99",99,99,162752,"David",729,"Canovanas","PR",18.35615,-65.89089
"100",100,100,162818,"Hiroto",730,"Ponce","PR",18.022626,-66.61727
"101",101,101,162904,"Thomas",731,"Ponce","PR",18.077329,-66.61192
"102",102,102,163060,"Karen",732,"Ponce","PR",18.021781,-66.613742
"103",103,103,168181,"Carey",733,"Ponce","PR",18.019331,-66.619165
"104",104,104,168492,"Aimee",734,"Ponce","PR",17.999499,-66.643934
"105",105,105,169120,"Trevor",735,"Ceiba","PR",18.258444,-65.65987
"106",106,106,170525,"Rhonda",736,"Cayey","PR",18.112895,-66.15377
"107",107,107,172210,"Eric",737,"Cayey","PR",18.102967,-66.139274
"108",108,108,172253,"Charlotte",738,"Fajardo","PR",18.32265,-65.66116
"109",109,109,175733,"Chris",739,"Cidra","PR",18.16984,-66.16271
"110",110,110,176220,"Glenn",740,"Puerto Real","PR",18.331711,-65.62761
"111",111,111,176274,"Kelle",741,"Punta Santiago","PR",18.160755,-65.75765
"112",112,112,177507,"Chris",742,"Roosevelt Roads","PR",18.264872,-65.594769
"113",113,113,177729,"Scott",744,"Rio Blanco","PR",18.206329,-65.743058
"114",114,114,178168,"Christopher",745,"Rio Grande","PR",18.366213,-65.82277
"115",115,115,185089,"Alicia",747,"Lluveras","PR",18.069474,-66.952589
"116",116,116,186430,"Lynn",748,"Fajardo","PR",18.326732,-65.652484
"117",117,117,186564,"Christopher",751,"Salinas","PR",17.993803,-66.26534
"118",118,118,186638,"Don",752,"San Antonio","PR",18.493745,-67.097726
"119",119,119,187358,"James",754,"San Lorenzo","PR",18.15633,-65.96831
"120",120,120,188061,"William",757,"Santa Isabel","PR",17.98631,-66.39457
"121",121,121,188381,"Melissa",761,"Utuado","PR",18.265445,-66.702364
"122",122,122,188603,"Shelley",762,"Vega Alta","PR",18.420218,-66.324284
"123",123,123,188907,"Mary",763,"Monserrate","PR",18.452175,-66.399836
"124",124,124,193204,"Donna",764,"Vega Baja","PR",18.452084,-66.397138
"125",125,125,193374,"Karen",765,"Vieques","PR",18.125664,-65.45603
"126",126,126,193892,"Jennifer",766,"Villalba","PR",18.126023,-66.48208
"127",127,127,194123,"Douglas",767,"Yabucoa","PR",18.072752,-65.89703
"128",128,128,194656,"Hoason",768,"Yauco","PR",18.030715,-66.856181
"129",129,129,198756,"Jason",769,"Coamo","PR",18.092813,-66.3611
"130",130,130,198928,"Theresa",771,"Las Piedras","PR",18.18744,-65.87088
"131",131,131,199277,"Carey",772,"Loiza","PR",18.427674,-65.87605
"132",132,132,199806,"Kristin",773,"Luquillo","PR",18.361344,-65.72133
"133",133,133,200415,"Amy",775,"Culebra","PR",18.311149,-65.29257
"134",134,134,200627,"Kathleen",777,"Juncos","PR",18.224088,-65.91316
"135",135,135,201271,"Prasong",778,"Gurabo","PR",18.258628,-65.97791
"136",136,136,201888,"Mei",780,"Coto Laurel","PR",18.068538,-66.55939
"137",137,137,206822,"Cornelia",782,"Comerio","PR",18.223348,-66.2267
"138",138,138,207401,"John",783,"Corozal","PR",18.304874,-66.32305
"139",139,139,208940,"Laura",784,"Guayama","PR",17.984137,-66.12779
"140",140,140,213402,"Cheryl",785,"Guayama","PR",18.018822,-66.795603
"141",141,141,215492,"Yan",786,"La Plata","PR",18.128092,-66.268717
"142",142,142,216255,"Brian",791,"Humacao","PR",18.147257,-65.82269
"143",143,143,216772,"Caron",792,"Humacao","PR",18.138029,-65.788499
"144",144,144,217408,"Darius",794,"Barranquitas","PR",18.204294,-66.31058
"145",145,145,217570,"Sharon",795,"Juana Diaz","PR",18.036253,-66.50289
"146",146,146,218694,"Lisa",801,"St Thomas","VI",18.322285,-64.963715
"147",147,147,218839,"Jason",802,"St Thomas","VI",18.322285,-64.963715
"148",148,148,224319,"Stephen",803,"St Thomas","VI",18.322285,-64.963715
"149",149,149,224334,"Jason",804,"St Thomas","VI",18.322285,-64.963715
"150",150,150,224581,"Chia-Chu",805,"St Thomas","VI",18.322285,-64.963715
"151",151,151,224595,"Terri",820,"Christiansted","VI",17.734211,-64.734694
"152",152,152,226280,"Virgil",821,"Christiansted","VI",17.734211,-64.734694
"153",153,153,231188,"David",822,"Christiansted","VI",17.734211,-64.734694
"154",154,154,231258,"Renee",823,"Christiansted","VI",17.734211,-64.734694
"155",155,155,231583,"Patricia",824,"Christiansted","VI",17.734211,-64.734694
"156",156,156,231946,"Mark",830,"St John","VI",18.32816,-64.740737
"157",157,157,232261,"Nicole",831,"St John","VI",18.32816,-64.740737
"158",158,158,239369,"Joseph",840,"Frederiksted","VI",17.734211,-64.734694
"159",159,159,239833,"Mark",841,"Frederiksted","VI",17.734211,-64.734694
"160",160,160,239853,"Michele",850,"Kingshill","VI",17.734211,-64.734694
"161",161,161,239964,"Shara",851,"Kingshill","VI",17.734211,-64.734694
"162",162,162,240364,"David",901,"San Juan","PR",18.465426,-66.10786
"163",163,163,241474,"Desiree",902,"San Juan","PR",18.410462,-66.060533
"164",164,164,242041,"Mario",906,"San Juan","PR",18.46454,-66.10079
"165",165,165,258790,"Barbara",907,"San Juan","PR",18.451131,-66.07798
"166",166,166,263374,"Fred",908,"San Juan","PR",18.410462,-66.060533
"167",167,167,265878,"Robert",909,"San Juan","PR",18.442282,-66.06764
"168",168,168,272105,"Robert",910,"San Juan","PR",18.410462,-66.060533
"169",169,169,277188,"Martin",911,"San Juan","PR",18.45009,-66.0577
"170",170,170,282683,"Patrick",912,"San Juan","PR",18.445946,-66.05928
"171",171,171,286152,"Bruce",913,"San Juan","PR",18.450907,-66.04256
"172",172,172,288290,"Mark",914,"San Juan","PR",18.410462,-66.060533
"173",173,173,293927,"Marion",915,"San Juan","PR",18.436995,-66.04888
"174",174,174,299726,"Brian",916,"San Juan","PR",18.410462,-66.060533
"175",175,175,300300,"Susan",917,"San Juan","PR",18.422263,-66.0513
"176",176,176,302095,"Gregory",918,"San Juan","PR",18.417668,-66.06494
"177",177,177,302392,"Donald",919,"San Juan","PR",18.410462,-66.060533
"178",178,178,303189,"Robert",920,"San Juan","PR",18.41242,-66.09069
"179",179,179,304784,"John",921,"San Juan","PR",18.394019,-66.08633
"180",180,180,307726,"Rex",922,"San Juan","PR",18.410462,-66.060533
"181",181,181,316591,"David",923,"San Juan","PR",18.410681,-66.03806
"182",182,182,316618,"Christina",924,"San Juan","PR",18.401917,-66.01194
"183",183,183,317741,"Christine",925,"San Juan","PR",18.400006,-66.05028
"184",184,184,317960,"Jill",926,"San Juan","PR",18.361363,-66.0562
"185",185,185,318196,"John",927,"San Juan","PR",18.39184,-66.06867
"186",186,186,318471,"Deborah",928,"San Juan","PR",18.410462,-66.060533
"187",187,187,319670,"Kenneth",929,"San Juan","PR",18.410462,-66.060533
"188",188,188,319952,"Tammy",930,"San Juan","PR",18.410462,-66.060533
"189",189,189,320131,"Charles",931,"San Juan","PR",18.410462,-66.060533
"190",190,190,321418,"Douglas",933,"San Juan","PR",18.410462,-66.060533
"191",191,191,323174,"Dorothy",934,"Fort Buchanan","PR",18.413511,-66.12198
"192",192,192,326262,"Rhonda",935,"San Juan","PR",18.410462,-66.060533
"193",193,193,331626,"Jeffrey",936,"San Juan","PR",18.410462,-66.060533
"194",194,194,332567,"Marjie",937,"San Juan","PR",18.410462,-66.060533
"195",195,195,334458,"Stuart",938,"San Juan","PR",18.410462,-66.060533
"196",196,196,335926,"Terry",939,"San Juan","PR",18.410462,-66.060533
"197",197,197,336008,"Theresa",940,"San Juan","PR",18.410462,-66.060533
"198",198,198,338842,"Rosamond",949,"Toa Baja","PR",18.433173,-66.2042
"199",199,199,392254,"Jerry",950,"Toa Baja","PR",18.457761,-66.196503
"200",200,200,392898,"Monica",951,"Toa Baja","PR",18.457761,-66.196503
"201",201,201,392959,"Claudia",952,"Sabana Seca","PR",18.429218,-66.18014
"202",202,202,394668,"Laura",953,"Toa Alta","PR",18.36802,-66.23414
"203",203,203,395526,"Jamie",954,"Toa Alta","PR",18.358939,-66.258108
"204",204,204,396077,"Debbie",955,"San Juan","PR",18.410462,-66.060533
"205",205,205,396123,"William",956,"Bayamon","PR",18.34216,-66.16643
"206",206,206,396245,"Julie",957,"Bayamon","PR",18.369674,-66.18669
"207",207,207,397413,"Sebastian",958,"Bayamon","PR",18.34487,-66.166014
"208",208,208,398346,"Rhonda",959,"Bayamon","PR",18.387063,-66.15943
"209",209,209,405519,"Juna",960,"Bayamon","PR",18.34487,-66.166014
"210",210,210,406334,"Christy",961,"Bayamon","PR",18.412462,-66.16033
"211",211,211,406628,"Cynthia",962,"Catano","PR",18.437683,-66.13847
"212",212,212,406851,"Jim",963,"Catano","PR",18.443217,-66.139293
"213",213,213,406869,"Kimberly",965,"Guaynabo","PR",18.431453,-66.11703
"214",214,214,407502,"John",966,"Guaynabo","PR",18.398507,-66.11522
"215",215,215,409863,"Kimberly",968,"Guaynabo","PR",18.408479,-66.1025
"216",216,216,411810,"Elizabeth",969,"Guaynabo","PR",18.366981,-66.10889
"217",217,217,416311,"Lisa",970,"Guaynabo","PR",18.359143,-66.112295
"218",218,218,416736,"Theodore",971,"Guaynabo","PR",18.329688,-66.11876
"219",219,219,418321,"Sadera",975,"San Juan","PR",18.410462,-66.060533
"220",220,220,419071,"Lori",976,"Trujillo Alto","PR",18.346767,-66.00561
"221",221,221,419278,"Steven",977,"Trujillo Alto","PR",18.337004,-65.990099
"222",222,222,419565,"Chris",978,"St Just","PR",18.337004,-65.990099
"223",223,223,420779,"Abdullah",979,"Carolina","PR",18.431885,-66.0127
"224",224,224,423619,"Sarah",981,"Carolina","PR",18.410462,-66.060533
"225",225,225,424570,"Bobra",982,"Carolina","PR",18.409345,-65.99313
"226",226,226,425489,"Stephanie",983,"Carolina","PR",18.414408,-65.97582
"227",227,227,426904,"Tara",984,"Carolina","PR",18.393355,-65.972495
"228",228,228,438872,"Shana",985,"Carolina","PR",18.374896,-65.94691
"229",229,229,440808,"Robin",986,"Carolina","PR",18.393355,-65.972495
"230",230,230,441946,"Nicholas",987,"Carolina","PR",18.372228,-65.96275
"231",231,231,452115,"Sonya",988,"Carolina","PR",18.393355,-65.972495
"232",232,232,454805,"Matthew",1001,"Agawam","MA",42.07061,-72.62029
"233",233,233,455704,"Christine",1002,"Amherst","MA",42.377651,-72.50323
"234",234,234,457117,"Jigar",1003,"Amherst","MA",42.369562,-72.63599
"235",235,235,458672,"Anna",1004,"Amherst","MA",42.384494,-72.513183
"236",236,236,460324,"Ron",1005,"Barre","MA",42.412094,-72.10443
"237",237,237,460454,"Jackeline",1007,"Belchertown","MA",42.278424,-72.411
"238",238,238,461286,"Emily",1008,"Blandford","MA",42.174313,-72.94828
"239",239,239,461356,"Binh",1009,"Bondsville","MA",42.206092,-72.340486
"240",240,240,470470,"Karen",1010,"Brimfield","MA",42.126038,-72.20552
"241",241,241,470589,"Susan",1011,"Chester","MA",42.271442,-73.01958
"242",242,242,471349,"Jeffrey",1012,"Chesterfield","MA",42.390836,-72.84356
"243",243,243,471849,"Joseph",1013,"Chicopee","MA",42.161492,-72.60316
"244",244,244,479400,"Jennifer",1014,"Chicopee","MA",42.170731,-72.604842
"245",245,245,484438,"Maryrose",1020,"Chicopee","MA",42.175992,-72.57265
"246",246,246,486595,"Rebecca",1021,"Chicopee","MA",42.170731,-72.604842
"247",247,247,487151,"Sylvia",1022,"Chicopee","MA",42.196666,-72.55606
"248",248,248,488184,"Mary",1026,"Cummington","MA",42.465041,-72.91813
"249",249,249,488709,"Jeffrey",1027,"Easthampton","MA",42.27279,-72.68677
"250",250,250,488788,"David",1028,"East Longmeadow","MA",42.066795,-72.5102
"251",251,251,488812,"Candice",1029,"East Otis","MA",42.175896,-73.04204
"252",252,252,488813,"Joseph",1030,"Feeding Hills","MA",42.070774,-72.67248
"253",253,253,489314,"Elsa",1031,"Gilbertville","MA",42.33071,-72.18833
"254",254,254,490528,"Yuvaraj",1032,"Goshen","MA",42.45792,-72.81551
"255",255,255,491457,"Sarah",1033,"Granby","MA",42.254563,-72.51831
"256",256,256,494916,"Dominick",1034,"Granville","MA",42.086224,-72.94464
"257",257,257,495514,"Amie",1035,"Hadley","MA",42.35549,-72.5733
"258",258,258,497747,"Stephanie",1036,"Hampden","MA",42.064703,-72.41735
"259",259,259,498157,"Eduard",1037,"Hardwick","MA",42.374202,-72.19524
"260",260,260,502892,"Karen",1038,"Hatfield","MA",42.375155,-72.60832
"261",261,261,503041,"Aaron",1039,"Haydenville","MA",42.381475,-72.69259
"262",262,262,503792,"Renee",1040,"Holyoke","MA",42.201891,-72.6242
"263",263,263,504384,"Heather",1041,"Holyoke","MA",42.170731,-72.604842
"264",264,264,505315,"Gerianne",1050,"Huntington","MA",42.290209,-72.87942
"265",265,265,510339,"Joseph",1053,"Leeds","MA",42.353105,-72.70206
"266",266,266,511185,"Jonathan",1054,"Leverett","MA",42.479839,-72.49879
"267",267,267,512125,"Rachel",1056,"Ludlow","MA",42.174893,-72.47068
"268",268,268,512252,"Heath",1057,"Monson","MA",42.089269,-72.317
"269",269,269,512597,"Tessa",1059,"North Amherst","MA",42.369562,-72.63599
"270",270,270,512733,"Anika",1060,"Northampton","MA",42.324539,-72.63561
"271",271,271,513012,"Kristin",1061,"Northampton","MA",42.369562,-72.63599
"272",272,272,516226,"Joseph",1062,"Florence","MA",42.324232,-72.67915
"273",273,273,517095,"Dez Baa",1063,"Northampton","MA",42.317939,-72.640234
"274",274,274,517951,"Crystal",1066,"North Hatfield","MA",42.406697,-72.633901
"275",275,275,518489,"Melissa",1068,"Oakham","MA",42.349769,-72.04413
"276",276,276,518779,"Derek",1069,"Palmer","MA",42.176401,-72.32646
"277",277,277,518906,"Cory",1070,"Plainfield","MA",42.515853,-72.91661
"278",278,278,519270,"Adi",1071,"Russell","MA",42.165931,-72.85153
"279",279,279,523890,"Daniel",1072,"Shutesbury","MA",42.486027,-72.42208
"280",280,280,527710,"Cynthia",1073,"Southampton","MA",42.223885,-72.72777
"281",281,281,528163,"Janina",1074,"South Barre","MA",42.375998,-72.149388
"282",282,282,528263,"Duong",1075,"South Hadley","MA",42.234891,-72.58243
"283",283,283,531932,"James",1077,"Southwick","MA",42.05283,-72.76966
"284",284,284,532118,"Laura",1079,"Thorndike","MA",42.192892,-72.329574
"285",285,285,532577,"Alan",1080,"Three Rivers","MA",42.180563,-72.36518
"286",286,286,535579,"Stephanie",1081,"Wales","MA",42.058024,-72.22517
"287",287,287,536773,"Rosario",1082,"Ware","MA",42.270611,-72.26067
"288",288,288,547156,"Elizabeth",1083,"Warren","MA",42.20468,-72.20259
"289",289,289,548034,"Gregory",1084,"West Chesterfield","MA",42.379807,-72.89043
"290",290,290,548975,"Jacob",1085,"Westfield","MA",42.133642,-72.75029
"291",291,291,549186,"William",1086,"Westfield","MA",42.173428,-72.847964
"292",292,292,549694,"Diane",1088,"West Hatfield","MA",42.388831,-72.6321
"293",293,293,549851,"Yan",1089,"West Springfield","MA",42.112793,-72.64066
"294",294,294,549976,"Melanie",1090,"West Springfield","MA",42.170731,-72.604842
"295",295,295,550169,"Sara",1092,"West Warren","MA",42.210777,-72.23904
"296",296,296,550199,"Mrinalini",1093,"Whately","MA",42.442673,-72.652511
"297",297,297,550331,"Jennifer",1094,"Wheelwright","MA",42.358201,-72.140846
"298",298,298,554724,"Rachel",1095,"Wilbraham","MA",42.12531,-72.44057
"299",299,299,555421,"Mark",1096,"Williamsburg","MA",42.415236,-72.78271
"300",300,300,564318,"Cameron",1097,"Woronoco","MA",42.161743,-72.845912
"301",301,301,567851,"Bo",1098,"Worthington","MA",42.399054,-72.93871
"302",302,302,569923,"Charlotte",1101,"Springfield","MA",42.170731,-72.604842
"303",303,303,572143,"Mary",1102,"Springfield","MA",42.170731,-72.604842
"304",304,304,572940,"Mia",1103,"Springfield","MA",42.103294,-72.59112
"305",305,305,573448,"Shannon",1104,"Springfield","MA",42.130343,-72.57338
"306",306,306,576129,"Chelsea",1105,"Springfield","MA",42.096644,-72.5798
"307",307,307,579314,"Tasha",1106,"Longmeadow","MA",42.050395,-72.5712
"308",308,308,579800,"Manesh",1107,"Springfield","MA",42.120193,-72.6061
"309",309,309,580837,"Jennifer",1108,"Springfield","MA",42.084094,-72.55523
"310",310,310,582964,"Brenda",1109,"Springfield","MA",42.116277,-72.55031
"311",311,311,583263,"John",1111,"Springfield","MA",42.170731,-72.604842
"312",312,312,584651,"Sarah",1114,"Springfield","MA",42.170731,-72.604842
"313",313,313,585007,"Sean",1115,"Springfield","MA",42.102894,-72.591633
"314",314,314,585850,"Davy",1116,"Longmeadow","MA",42.170731,-72.604842
"315",315,315,586278,"Lisa",1118,"Springfield","MA",42.093144,-72.5291
"316",316,316,586290,"Jonathan",1119,"Springfield","MA",42.128442,-72.50932
"317",317,317,588023,"Robert",1128,"Springfield","MA",42.095344,-72.48857
"318",318,318,591299,"Jonathan",1129,"Springfield","MA",42.121031,-72.4896
"319",319,319,591468,"Angela",1133,"Springfield","MA",42.170731,-72.604842
"320",320,320,593663,"Shane",1138,"Springfield","MA",42.170731,-72.604842
"321",321,321,594857,"Aengus",1139,"Springfield","MA",42.170731,-72.604842
"322",322,322,599899,"Eric",1144,"Springfield","MA",42.101796,-72.59151
"323",323,323,604431,"Jessica",1151,"Indian Orchard","MA",42.153926,-72.50531
"324",324,324,621129,"Kristin",1152,"Springfield","MA",42.170731,-72.604842
"325",325,325,623330,"David",1195,"Springfield","MA",42.1,-72.58
"326",326,326,657993,"Berdina",1199,"Springfield","MA",42.119943,-72.604983
"327",327,327,663956,"Nathaniel",1201,"Pittsfield","MA",42.45384,-73.254
"328",328,328,688723,"Scott",1202,"Pittsfield","MA",42.3929,-73.228483
"329",329,329,690291,"Stephanie",1203,"Pittsfield","MA",42.3929,-73.228483
"330",330,330,691898,"Christopher",1220,"Adams","MA",42.619727,-73.11842
"331",331,331,693027,"Tae-Yong",1222,"Ashley Falls","MA",42.057496,-73.32177
"332",332,332,694530,"Jennifer",1223,"Becket","MA",42.314449,-73.09335
"333",333,333,697802,"Sarah",1224,"Berkshire","MA",42.3929,-73.228483
"334",334,334,698642,"Raymond",1225,"Cheshire","MA",42.551731,-73.1653
"335",335,335,699914,"Brandon",1226,"Dalton","MA",42.476575,-73.11547
"336",336,336,700443,"David",1227,"Dalton","MA",42.516145,-73.092852
"337",337,337,700697,"Steven",1229,"Glendale","MA",42.279292,-73.343545
"338",338,338,701742,"Daniel",1230,"Great Barrington","MA",42.189715,-73.35249
"339",339,339,703299,"Jennifer",1231,"Sheffield","MA",42.153001,-73.298131
"340",340,340,705546,"Chelse",1235,"Hinsdale","MA",42.433661,-73.09278
"341",341,341,707121,"Santanu",1236,"Housatonic","MA",42.266874,-73.36236
"342",342,342,707613,"Alyssa",1237,"Lanesboro","MA",42.557346,-73.24364
"343",343,343,707702,"Nicholas",1238,"Lee","MA",42.299263,-73.2327
"344",344,344,708315,"Marko",1240,"Lenox","MA",42.36237,-73.27683
"345",345,345,708437,"Andy",1242,"Lenox Dale","MA",42.336557,-73.24599
"346",346,346,708474,"Kiran",1243,"Middlefield","MA",42.356088,-73.010448
"347",347,347,709536,"Jason",1244,"Mill River","MA",42.139104,-73.20312
"348",348,348,711230,"Dana",1245,"Monterey","MA",42.180659,-73.20849
"349",349,349,712004,"Lori",1247,"North Adams","MA",42.696064,-73.10145
"350",350,350,712539,"Sara",1252,"North Egremont","MA",42.198648,-73.446234
"351",351,351,715363,"Burton",1253,"Otis","MA",42.198403,-73.10205
"352",352,352,715599,"Brian",1254,"Richmond","MA",42.374711,-73.36336
"353",353,353,716043,"Larry",1255,"Sandisfield","MA",42.088973,-73.12444
"354",354,354,755422,"Theodore",1256,"Savoy","MA",42.592506,-73.01123
"355",355,355,757060,"Garrett",1257,"Sheffield","MA",42.102694,-73.36591
"356",356,356,757376,"Andrew",1258,"South Egremont","MA",42.103122,-73.45734
"357",357,357,757936,"Jose",1259,"Southfield","MA",42.0645,-73.24674
"358",358,358,773904,"Soraya",1260,"South Lee","MA",42.286586,-73.313274
"359",359,359,776316,"James",1262,"Stockbridge","MA",42.283216,-73.31423
"360",360,360,783061,"Britney",1263,"Stockbridge","MA",42.3929,-73.228483
"361",361,361,783396,"Rebecca",1264,"Tyringham","MA",42.224905,-73.20394
"362",362,362,784043,"Jose",1266,"West Stockbridge","MA",42.328535,-73.36407
"363",363,363,784784,"Maged",1267,"Williamstown","MA",42.689962,-73.22355
"364",364,364,787503,"Joseph",1270,"Windsor","MA",42.443726,-73.116127
"365",365,365,787733,"Jennifer",1301,"Greenfield","MA",42.605524,-72.60098
"366",366,366,788963,"Krista",1302,"Greenfield","MA",42.522178,-72.624164
"367",367,367,788971,"Patricia",1330,"Ashfield","MA",42.521131,-72.81116
"368",368,368,789007,"Matthew",1331,"Athol","MA",42.579931,-72.20836
"369",369,369,789871,"Alicia",1337,"Bernardston","MA",42.678023,-72.55569
"370",370,370,790186,"Troy",1338,"Buckland","MA",42.569498,-72.802
"371",371,371,790423,"Nolan",1339,"Charlemont","MA",42.626858,-72.87939
"372",372,372,790680,"Irene",1340,"Colrain","MA",42.673371,-72.73104
"373",373,373,791325,"Taryn",1341,"Conway","MA",42.508313,-72.70403
"374",374,374,791463,"Jonathan",1342,"Deerfield","MA",42.542322,-72.6091
"375",375,375,792514,"Jennifer",1343,"Drury","MA",42.642666,-72.986231
"376",376,376,792603,"Alina",1344,"Erving","MA",42.607051,-72.41396
"377",377,377,793689,"Jarom",1346,"Heath","MA",42.669255,-72.80494
"378",378,378,794410,"Akshaya",1347,"Lake Pleasant","MA",42.556558,-72.518104
"379",379,379,794772,"Kelly",1349,"Turners Falls","MA",42.5737,-72.50525
"380",380,380,795160,"Melissa",1350,"Monroe Bridge","MA",42.712257,-72.97629
"381",381,381,795515,"Matthew",1351,"Montague","MA",42.534976,-72.52522
"382",382,382,796317,"Jodi",1354,"Northfield","MA",42.522178,-72.624164
"383",383,383,796417,"Lisa",1355,"New Salem","MA",42.485899,-72.33345
"384",384,384,799686,"Marla",1360,"Northfield","MA",42.682285,-72.45649
"385",385,385,800905,"Anthony",1364,"Orange","MA",42.599614,-72.29263
"386",386,386,800906,"Gordon",1366,"Petersham","MA",42.474718,-72.21226
"387",387,387,801023,"Jacqueline",1367,"Rowe","MA",42.694883,-72.90962
"388",388,388,801143,"Darcy",1368,"Royalston","MA",42.671012,-72.16999
"389",389,389,801483,"John",1369,"Shattuckville","MA",42.522178,-72.624164
"390",390,390,801840,"Eric",1370,"Shelburne Falls","MA",42.603447,-72.72754
"391",391,391,804191,"Jacob",1373,"South Deerfield","MA",42.472734,-72.62452
"392",392,392,806458,"Liliana",1374,"Charlemont","MA",42.636459,-72.798742
"393",393,393,806796,"Dorilee",1375,"Sunderland","MA",42.449978,-72.56302
"394",394,394,807302,"Robin",1376,"Turners Falls","MA",42.609425,-72.54438
"395",395,395,807531,"Ryan",1378,"Warwick","MA",42.667152,-72.32729
"396",396,396,807849,"Sandra",1379,"Wendell","MA",42.547274,-72.41724
"397",397,397,808435,"Bryan",1380,"Wendell Depot","MA",42.594455,-72.36314
"398",398,398,808976,"Jeremy",1393,"Whately","MA",42.459814,-72.593626
"399",399,399,812236,"Alan",1420,"Fitchburg","MA",42.578689,-71.80338
"400",400,400,812916,"Blake",1427,"Westborough","MA",42.286575,-71.585753
"401",401,401,812928,"Anthony",1430,"Ashburnham","MA",42.658768,-71.93287
"402",402,402,812996,"Renee",1431,"Ashby","MA",42.672005,-71.8137
"403",403,403,813906,"Melissa",1432,"Ayer","MA",42.549821,-71.59136
"404",404,404,814187,"Kyle",1434,"Devens","MA",42.53,-71.61
"405",405,405,814563,"Candice",1436,"Baldwinville","MA",42.608903,-72.08021
"406",406,406,815119,"Ashley",1438,"East Templeton","MA",42.563367,-72.03498
"407",407,407,817433,"Elizabeth",1440,"Gardner","MA",42.575355,-71.99183
"408",408,408,817510,"Shelby",1441,"Gardner","MA",42.364807,-71.896868
"409",409,409,817921,"Mahmooduz",1450,"Groton","MA",42.609887,-71.55722
"410",410,410,818401,"Ryan",1451,"Harvard","MA",42.505928,-71.5888
"411",411,411,820777,"Melinda",1452,"Hubbardston","MA",42.477515,-71.99654
"412",412,412,821466,"James",1453,"Leominster","MA",42.526523,-71.75358
"413",413,413,822165,"Janet",1460,"Littleton","MA",42.540052,-71.49085
"414",414,414,822684,"Shelley",1462,"Lunenburg","MA",42.582839,-71.72051
"415",415,415,822815,"Sharon",1463,"Pepperell","MA",42.665686,-71.5929
"416",416,416,823041,"Joshua",1464,"Shirley","MA",42.559289,-71.64555
"417",417,417,836268,"Paul",1467,"Still River","MA",42.488666,-71.62412
"418",418,418,840737,"Philip",1468,"Templeton","MA",42.557796,-72.06824
"419",419,419,845402,"Forrest",1469,"Townsend","MA",42.658738,-71.69204
"420",420,420,846566,"Christopher",1470,"Groton","MA",42.446396,-71.459405
"421",421,421,859472,"Jeffrey",1471,"Groton","MA",42.446396,-71.459405
"422",422,422,869071,"Daniel",1472,"West Groton","MA",42.446396,-71.459405
"423",423,423,873601,"Kelly",1473,"Westminster","MA",42.544622,-71.9021
"424",424,424,876126,"Gina",1474,"West Townsend","MA",42.669408,-71.74578
"425",425,425,896824,"Eric",1475,"Winchendon","MA",42.675441,-72.0467
"426",426,426,898143,"Cassandra",1477,"Winchendon Springs","MA",42.364807,-71.896868
"427",427,427,899625,"Melissa",1501,"Auburn","MA",42.20361,-71.83843
"428",428,428,899928,"Robin",1503,"Berlin","MA",42.380562,-71.62665
"429",429,429,904550,"Hilary",1504,"Blackstone","MA",42.028147,-71.52999
"430",430,430,904884,"Tran",1505,"Boylston","MA",42.338392,-71.73026
"431",431,431,905583,"Alan",1506,"Brookfield","MA",42.200374,-72.09787
"432",432,432,906232,"Garrett",1507,"Charlton","MA",42.135142,-71.96961
"433",433,433,906276,"Rebecca",1508,"Charlton City","MA",42.109748,-72.079455
"434",434,434,907402,"Richard",1509,"Charlton Depot","MA",42.364807,-71.896868
"435",435,435,907473,"Erika",1510,"Clinton","MA",42.418836,-71.68482
"436",436,436,908233,"Andrea",1515,"East Brookfield","MA",42.212777,-72.05311
"437",437,437,908902,"Derek",1516,"Douglas","MA",42.061437,-71.72887
"438",438,438,909100,"Shilo",1517,"East Princeton","MA",42.364807,-71.896868
"439",439,439,910024,"Jeff",1518,"Fiskdale","MA",42.12515,-72.12393
"440",440,440,910077,"Jill",1519,"Grafton","MA",42.201674,-71.68771
"441",441,441,910448,"Nicholas",1520,"Holden","MA",42.338962,-71.84434
"442",442,442,910599,"Victor",1521,"Holland","MA",42.054676,-72.16137
"443",443,443,911804,"Valentine",1522,"Jefferson","MA",42.369658,-71.87418
"444",444,444,912335,"Michael",1523,"Lancaster","MA",42.473131,-71.67946
"445",445,445,913007,"Robert",1524,"Leicester","MA",42.238942,-71.91908
"446",446,446,913735,"Tori",1525,"Linwood","MA",42.364807,-71.896868
"447",447,447,914899,"Jessica",1526,"Manchaug","MA",42.364807,-71.896868
"448",448,448,915586,"April",1527,"Millbury","MA",42.196144,-71.76272
"449",449,449,916361,"Michaela",1529,"Millville","MA",42.036396,-71.57798
"450",450,450,916424,"Armando",1531,"New Braintree","MA",42.317121,-72.12248
"451",451,451,917011,"Amanda",1532,"Northborough","MA",42.321917,-71.64692
"452",452,452,918261,"Fellix",1534,"Northbridge","MA",42.140741,-71.64376
"453",453,453,919431,"Nicholas",1535,"North Brookfield","MA",42.267274,-72.07823
"454",454,454,920132,"Joseph",1536,"North Grafton","MA",42.231444,-71.70523
"455",455,455,920569,"David",1537,"North Oxford","MA",42.170846,-71.88989
"456",456,456,920956,"Elizabeth",1538,"North Uxbridge","MA",42.364807,-71.896868
"457",457,457,921022,"Eric",1540,"Oxford","MA",42.117527,-71.8657
"458",458,458,922210,"Jason",1541,"Princeton","MA",42.451569,-71.882
"459",459,459,922642,"Juan",1542,"Rochdale","MA",42.194793,-71.90651
"460",460,460,923739,"David",1543,"Rutland","MA",42.380877,-71.96427
"461",461,461,923830,"Maureen",1545,"Shrewsbury","MA",42.286643,-71.72502
"462",462,462,923836,"Justin",1546,"Shrewsbury","MA",42.364807,-71.896868
"463",463,463,924264,"Angela",1550,"Southbridge","MA",42.070827,-72.03533
"464",464,464,924602,"Nura",1560,"South Grafton","MA",42.177462,-71.69382
"465",465,465,925177,"Olivia",1561,"South Lancaster","MA",42.443539,-71.686137
"466",466,466,925473,"Jessica",1562,"Spencer","MA",42.247212,-71.99227
"467",467,467,926205,"Kiara",1564,"Sterling","MA",42.436875,-71.77333
"468",468,468,927052,"Matthew",1566,"Sturbridge","MA",42.104581,-72.08584
"469",469,469,939714,"Sean",1568,"Upton","MA",42.17382,-71.60971
"470",470,470,944605,"Andrew",1569,"Uxbridge","MA",42.064978,-71.62992
"471",471,471,954297,"Alexandria",1570,"Webster","MA",42.047728,-71.86108
"472",472,472,965341,"Kevin",1571,"Dudley","MA",42.049864,-71.9173
"473",473,473,966199,"John",1580,"Westborough","MA",42.364807,-71.896868
"474",474,474,974764,"Alysia",1581,"Westborough","MA",42.269845,-71.61408
"475",475,475,988751,"Amy",1582,"Westborough","MA",42.364807,-71.896868
"476",476,476,989719,"Kristina",1583,"West Boylston","MA",42.359842,-71.787
"477",477,477,990836,"Alexandra",1585,"West Brookfield","MA",42.242965,-72.16734
"478",478,478,992029,"Jessica",1586,"West Millbury","MA",42.364807,-71.896868
"479",479,479,992146,"Kelsey",1588,"Whitinsville","MA",42.114195,-71.67225
"480",480,480,992463,"Benjamin",1590,"Sutton","MA",42.131028,-71.75121
"481",481,481,993375,"Teja",1601,"Worcester","MA",42.265275,-71.879415
"482",482,482,993779,"Alejandro",1602,"Worcester","MA",42.272359,-71.84482
"483",483,483,1002674,"Derek",1603,"Worcester","MA",42.240526,-71.83776
"484",484,484,1012363,"Troy",1604,"Worcester","MA",42.255393,-71.77459
"485",485,485,1015804,"Theresa",1605,"Worcester","MA",42.286543,-71.78846
"486",486,486,1016414,"Sumit Pal",1606,"Worcester","MA",42.311342,-71.79531
"487",487,487,1016601,"Elizabeth",1607,"Worcester","MA",42.229543,-71.79501
"488",488,488,1016665,"Renee",1608,"Worcester","MA",42.261343,-71.80173
"489",489,489,1017191,"Danielle",1609,"Worcester","MA",42.271743,-71.81348
"490",490,490,1017734,"Jonathan",1610,"Worcester","MA",42.248493,-71.80793
"491",491,491,1027069,"Sarah",1611,"Cherry Valley","MA",42.238449,-71.87139
"492",492,492,1028692,"Megan",1612,"Paxton","MA",42.307591,-71.91929
"493",493,493,1028693,"Tripti",1613,"Worcester","MA",42.293316,-71.801971
"494",494,494,1029098,"Tyler",1614,"Worcester","MA",42.364807,-71.896868
"495",495,495,1032852,"Danielle",1615,"Worcester","MA",42.364807,-71.896868
"496",496,496,1033201,"Samantha",1634,"Tolland","MA",42.069484,-72.999433
"497",497,497,1033926,"Kyle",1653,"Worcester","MA",42.364807,-71.896868
"498",498,498,1033981,"Po-Chun",1654,"Worcester","MA",42.364807,-71.896868
"499",499,499,1034503,"Carter",1655,"Worcester","MA",42.364807,-71.896868
"500",500,500,1035241,"Grant",1701,"Framingham","MA",42.318695,-71.42344
"501",501,501,1035380,"Alex",1702,"Framingham","MA",42.283995,-71.42161
"502",502,502,1035489,"Rachel",1703,"Framingham","MA",42.446396,-71.459405
"503",503,503,1036600,"Gregory",1704,"Framingham","MA",42.446396,-71.459405
"504",504,504,1036877,"Casey",1705,"Framingham","MA",42.446396,-71.459405
"505",505,505,1037353,"Gabriel",1718,"Village Of Nagog Woods","MA",42.519739,-71.42721
"506",506,506,1037836,"Garrett",1719,"Boxborough","MA",42.486259,-71.51244
"507",507,507,1037914,"Fadi",1720,"Acton","MA",42.477142,-71.4422
"508",508,508,1037917,"Jeffrey",1721,"Ashland","MA",42.257956,-71.45886
"509",509,509,1038050,"Jaraka",1730,"Bedford","MA",42.496679,-71.27504
"510",510,510,1038453,"Megan",1731,"Hanscom AFB","MA",42.459085,-71.27556
"511",511,511,1038552,"Shayne",1740,"Bolton","MA",42.437086,-71.61266
"512",512,512,1039210,"Christine",1741,"Carlisle","MA",42.5286,-71.35084
"513",513,513,1039342,"Christina",1742,"Concord","MA",42.457201,-71.37478
"514",514,514,1039350,"Laura",1745,"Fayville","MA",42.295544,-71.50468
"515",515,515,1039597,"Ariana",1746,"Holliston","MA",42.196065,-71.43797
"516",516,516,1039848,"Joshua",1747,"Hopedale","MA",42.125536,-71.53662
"517",517,517,1040598,"Iris",1748,"Hopkinton","MA",42.220447,-71.53418
"518",518,518,1042270,"Michael",1749,"Hudson","MA",42.389813,-71.55791
"519",519,519,1042654,"Jazmine",1750,"Natick","MA",42.273817,-71.378157
"520",520,520,1042749,"Bridget",1752,"Marlborough","MA",42.350909,-71.54753
"521",521,521,1042980,"Kyle",1754,"Maynard","MA",42.430781,-71.45594
"522",522,522,1048314,"Fernando",1756,"Mendon","MA",42.092006,-71.54474
"523",523,523,1049228,"Samantha",1757,"Milford","MA",42.149176,-71.52149
"524",524,524,1049832,"Kevin",1760,"Natick","MA",42.290763,-71.35368
"525",525,525,1050993,"Alexandra",1770,"Sherborn","MA",42.231025,-71.37202
"526",526,526,1051712,"Kayleigh",1772,"Southborough","MA",42.297643,-71.53369
"527",527,527,1061486,"Holly",1773,"Lincoln","MA",42.425537,-71.30316
"528",528,528,1062586,"Martha",1775,"Stow","MA",42.423882,-71.51086
"529",529,529,1062611,"David",1776,"Sudbury","MA",42.38532,-71.42989
"530",530,530,1067448,"Jocelyn",1778,"Wayland","MA",42.345583,-71.35643
"531",531,531,1069387,"Santhanakrishnan",1784,"Woodville","MA",42.446396,-71.459405
"532",532,532,1071790,"Melissa",1801,"Woburn","MA",42.484545,-71.15206
"533",533,533,1072370,"Brooks",1803,"Burlington","MA",42.506362,-71.20008
"534",534,534,1073110,"Victoria",1805,"Burlington","MA",42.446396,-71.459405
"535",535,535,1075041,"Alisha",1806,"Woburn","MA",42.446396,-71.459405
"536",536,536,1075126,"Elizabeth",1807,"Woburn","MA",42.446396,-71.459405
"537",537,537,1076311,"Heidi",1808,"Woburn","MA",42.446396,-71.459405
"538",538,538,1076943,"David",1810,"Andover","MA",42.646942,-71.1513
"539",539,539,1077121,"Danielle",1812,"Andover","MA",42.647191,-71.184202
"540",540,540,1077256,"John",1813,"Woburn","MA",42.446396,-71.459405
"541",541,541,1077551,"Elyse",1815,"Woburn","MA",42.446396,-71.459405
"542",542,542,1077890,"Adam",1820,"Pinehurst","MA",42.540779,-71.238175
"543",543,543,1078400,"Dirk",1821,"Billerica","MA",42.54805,-71.25054
"544",544,544,1078663,"Jia-Hong",1822,"Billerica","MA",42.446396,-71.459405
"545",545,545,1078998,"Christian",1823,"Haverhill","MA",42.800429,-71.11087
"546",546,546,1079711,"Justin",1824,"Chelmsford","MA",42.595491,-71.3544
"547",547,547,1079876,"Andre",1826,"Dracut","MA",42.677772,-71.316
"548",548,548,1080026,"Alexander",1827,"Dunstable","MA",42.671356,-71.50292
"549",549,549,1080338,"Britney",1830,"Haverhill","MA",42.78519,-71.07011
"550",550,550,1080606,"Erica",1831,"Haverhill","MA",42.771095,-71.122054
"551",551,551,1081277,"Thy",1832,"Haverhill","MA",42.781357,-71.11023
"552",552,552,1081327,"Kelly",1833,"Georgetown","MA",42.729437,-70.98291
"553",553,553,1081494,"Lindsey",1834,"Groveland","MA",42.750691,-71.02487
"554",554,554,1082133,"Susana",1835,"Haverhill","MA",42.757767,-71.08518
"555",555,555,1083368,"Violet",1840,"Lawrence","MA",42.706941,-71.16181
"556",556,556,1084479,"Dara",1841,"Lawrence","MA",42.71159,-71.16667
"557",557,557,1086097,"Samantha",1842,"Lawrence","MA",42.635443,-70.879123
"558",558,558,1088241,"Sarah",1843,"Lawrence","MA",42.691091,-71.16078
"559",559,559,1090804,"Erin",1844,"Methuen","MA",42.73004,-71.17935
"560",560,560,1090877,"Brooke",1845,"North Andover","MA",42.683841,-71.11171
"561",561,561,1095931,"Brooke",1850,"Lowell","MA",42.655791,-71.30504
"562",562,562,1097107,"Olivia",1851,"Lowell","MA",42.630915,-71.33238
"563",563,563,1098130,"Natalie",1852,"Lowell","MA",42.634112,-71.29849
"564",564,564,1101393,"Charles",1853,"Lowell","MA",42.446396,-71.459405
"565",565,565,1102930,"Erica",1854,"Lowell","MA",42.649758,-71.33348
"566",566,566,1103886,"Jennifer",1856,"Lowell","MA",42.641779,-71.303488
"567",567,567,1104747,"Danielle",1860,"Merrimac","MA",42.834246,-71.00207
"568",568,568,1107751,"William",1862,"North Billerica","MA",42.573592,-71.2911
"569",569,569,1108042,"Alexandra",1863,"North Chelmsford","MA",42.634199,-71.39322
"570",570,570,1108664,"Clint",1864,"North Reading","MA",42.583436,-71.0982
"571",571,571,1112049,"Jessica",1865,"Nutting Lake","MA",42.446396,-71.459405
"572",572,572,1112361,"Cole",1866,"Pinehurst","MA",42.446396,-71.459405
"573",573,573,1112432,"Mallory",1867,"Reading","MA",42.52585,-71.10993
"574",574,574,1114420,"Julia",1876,"Tewksbury","MA",42.601684,-71.22071
"575",575,575,1114466,"Phoebe",1879,"Tyngsboro","MA",42.671589,-71.41694
"576",576,576,1115012,"Dola",1880,"Wakefield","MA",42.501345,-71.07132
"577",577,577,1120092,"Chelsea",1885,"West Boxford","MA",42.635443,-70.879123
"578",578,578,1120842,"Andrew",1886,"Westford","MA",42.592086,-71.43754
"579",579,579,1121220,"Tabitha",1887,"Wilmington","MA",42.558576,-71.17031
"580",580,580,1126592,"Ian",1888,"Woburn","MA",42.446396,-71.459405
"581",581,581,1126667,"Ryan",1889,"North Reading","MA",42.571633,-71.109646
"582",582,582,1127179,"Tyler",1890,"Winchester","MA",42.451945,-71.14276
"583",583,583,1127463,"Yuanjiang",1899,"Andover","MA",42.635443,-70.879123
"584",584,584,1127565,"Jeannine",1901,"Lynn","MA",42.461246,-70.946743
"585",585,585,1127833,"Brandon",1902,"Lynn","MA",42.469946,-70.94113
"586",586,586,1128331,"DiAngelea",1903,"Lynn","MA",42.635443,-70.879123
"587",587,587,1128728,"Eric",1904,"Lynn","MA",42.490421,-70.96579
"588",588,588,1129432,"Joshua",1905,"Lynn","MA",42.464879,-70.97411
"589",589,589,1129982,"Benjamin",1906,"Saugus","MA",42.462796,-71.0098
"590",590,590,1130131,"Jasmine",1907,"Swampscott","MA",42.474409,-70.90588
"591",591,591,1130384,"Susan",1908,"Nahant","MA",42.427096,-70.92809
"592",592,592,1130425,"Sundara Raman",1910,"Lynn","MA",42.454796,-70.974694
"593",593,593,1131155,"David",1913,"Amesbury","MA",42.854423,-70.93547
"594",594,594,1131670,"Trevor",1915,"Beverly","MA",42.560995,-70.8757
"595",595,595,1132988,"Ricki",1921,"Boxford","MA",42.677869,-71.00844
"596",596,596,1133975,"Marissa",1922,"Byfield","MA",42.76087,-70.92648
"597",597,597,1135739,"Jinxiang",1923,"Danvers","MA",42.569756,-70.94322
"598",598,598,1136006,"Erick",1929,"Essex","MA",42.631753,-70.77925
"599",599,599,1136009,"Thera",1930,"Gloucester","MA",42.624015,-70.67552
"600",600,600,1136020,"Dinah",1931,"Gloucester","MA",42.635443,-70.879123
"601",601,601,1136154,"Jillian",1936,"Hamilton","MA",42.635443,-70.879123
"602",602,602,1137135,"Tasha",1937,"Hathorne","MA",42.635443,-70.879123
"603",603,603,1139033,"Cierra",1938,"Ipswich","MA",42.682965,-70.84007
"604",604,604,1140566,"Wooseong",1940,"Lynnfield","MA",42.527895,-71.02834
"605",605,605,1141306,"Tara",1944,"Manchester","MA",42.580033,-70.76462
"606",606,606,1142661,"Nancy-Marie",1945,"Marblehead","MA",42.497146,-70.86323
"607",607,607,1143312,"Tony",1947,"Salem","MA",42.642845,-70.873647
"608",608,608,1143688,"Thuy An",1949,"Middleton","MA",42.602278,-71.01356
"609",609,609,1145524,"Alia",1950,"Newburyport","MA",42.809891,-70.86363
"610",610,610,1145773,"Elizabeth",1951,"Newbury","MA",42.780141,-70.86866
"611",611,611,1147002,"Taylor",1952,"Salisbury","MA",42.85048,-70.86153
"612",612,612,1147336,"Kristopher",1960,"Peabody","MA",42.534045,-70.96146
"613",613,613,1147552,"Reisha",1961,"Peabody","MA",42.635443,-70.879123
"614",614,614,1147741,"Ashan",1965,"Prides Crossing","MA",42.558113,-70.825743
"615",615,615,1147790,"Jessyka",1966,"Rockport","MA",42.659936,-70.61727
"616",616,616,1148094,"Victoria",1969,"Rowley","MA",42.716708,-70.90899
"617",617,617,1148223,"Tuan",1970,"Salem","MA",42.516845,-70.8985
"618",618,618,1149531,"Matthew",1971,"Salem","MA",42.635443,-70.879123
"619",619,619,1149695,"Madeleine",1982,"South Hamilton","MA",42.616643,-70.86513
"620",620,620,1150944,"Adriane",1983,"Topsfield","MA",42.642471,-70.94424
"621",621,621,1151194,"Robert",1984,"Wenham","MA",42.600518,-70.87618
"622",622,622,1151811,"Ramiro",1985,"West Newbury","MA",42.790736,-70.97286
"623",623,623,1151875,"Anika",2018,"Accord","MA",41.970474,-70.701357
"624",624,624,1153172,"Taylor",2019,"Bellingham","MA",42.075122,-71.47953
"625",625,625,1153826,"Jay-How",2020,"Brant Rock","MA",42.081825,-70.643868
"626",626,626,1154048,"Hardeep",2021,"Canton","MA",42.166776,-71.1343
"627",627,627,1155865,"Torie",2025,"Cohasset","MA",42.241908,-70.81223
"628",628,628,1156572,"Trenton",2026,"Dedham","MA",42.244609,-71.16553
"629",629,629,1156667,"Anais",2027,"Dedham","MA",42.180048,-71.08923
"630",630,630,1157308,"Austin",2029,"Providence","RI",41.817398,-71.453674
"631",631,631,1157444,"Ashley",2030,"Dover","MA",42.23888,-71.28241
"632",632,632,1158941,"Brian",2031,"East Mansfield","MA",41.998799,-71.200894
"633",633,633,1159539,"Kendra",2032,"East Walpole","MA",42.153912,-71.21362
"634",634,634,1160132,"Titi",2035,"Foxboro","MA",42.061427,-71.24232
"635",635,635,1162799,"James",2038,"Franklin","MA",42.089104,-71.4069
"636",636,636,1163331,"Heather",2040,"Greenbush","MA",41.970474,-70.701357
"637",637,637,1163721,"Suman",2041,"Green Harbor","MA",42.069642,-70.649075
"638",638,638,1164120,"Mauro",2043,"Hingham","MA",42.225708,-70.88764
"639",639,639,1174427,"Erin",2044,"Hingham","MA",41.970474,-70.701357
"640",640,640,1174476,"Philippe",2045,"Hull","MA",42.286347,-70.87663
"641",641,641,1174907,"Chris",2047,"Humarock","MA",42.142836,-70.69353
"642",642,642,1174945,"Rodrigo",2048,"Mansfield","MA",42.019982,-71.2191
"643",643,643,1175266,"Alice",2050,"Marshfield","MA",42.109763,-70.69172
"644",644,644,1175343,"Jason",2051,"Marshfield Hills","MA",42.151202,-70.734146
"645",645,645,1177459,"Beth",2052,"Medfield","MA",42.185571,-71.30476
"646",646,646,1178155,"David",2053,"Medway","MA",42.151526,-71.42315
"647",647,647,1187434,"Matthew",2054,"Millis","MA",42.166398,-71.36178
"648",648,648,1187677,"Jason",2055,"Minot","MA",41.970474,-70.701357
"649",649,649,1188215,"Daniella",2056,"Norfolk","MA",42.111836,-71.32855
"650",650,650,1188275,"Luis-Armando",2059,"North Marshfield","MA",41.970474,-70.701357
"651",651,651,1190065,"Alexis",2060,"North Scituate","MA",41.970474,-70.701357
"652",652,652,1190815,"Annette",2061,"Norwell","MA",42.15243,-70.8205
"653",653,653,1192127,"Nadratun",2062,"Norwood","MA",42.185974,-71.20166
"654",654,654,1198247,"Madison",2065,"Ocean Bluff","MA",42.097219,-70.651567
"655",655,655,1200712,"Freddy",2066,"Scituate","MA",42.205038,-70.7513
"656",656,656,1202054,"Enrique",2067,"Sharon","MA",42.113749,-71.17923
"657",657,657,1202235,"Matthew",2070,"Sheldonville","MA",42.180048,-71.08923
"658",658,658,1202567,"Mostafa",2071,"South Walpole","MA",42.101406,-71.27239
"659",659,659,1203277,"Brianna",2072,"Stoughton","MA",42.125432,-71.10627
"660",660,660,1204017,"Chad",2081,"Walpole","MA",42.145237,-71.25375
"661",661,661,1205212,"Stephanie",2085,"Foxborough","MA",42.075995,-71.286055
"662",662,662,1206291,"Kaivan",2090,"Westwood","MA",42.212949,-71.20735
"663",663,663,1206896,"Karishma",2093,"Wrentham","MA",42.0597,-71.34617
"664",664,664,1207077,"Elizabeth",2101,"Boston","MA",42.370567,-71.026964
"665",665,665,1207250,"Daniel",2102,"Boston","MA",42.338947,-70.919635
"666",666,666,1207564,"Tevis",2103,"Boston","MA",42.338947,-70.919635
"667",667,667,1209214,"Shelby",2104,"Boston","MA",42.338947,-70.919635
"668",668,668,1211893,"Mark",2105,"Boston","MA",42.338947,-70.919635
"669",669,669,1212020,"Wilson",2106,"Boston","MA",42.354318,-71.073449
"670",670,670,1212430,"Florence",2107,"Boston","MA",42.338947,-70.919635
"671",671,671,1213563,"Hamad",2108,"Boston","MA",42.357903,-71.06408
"672",672,672,1213682,"Lukas",2109,"Boston","MA",42.361477,-71.05417
"673",673,673,1214530,"Tiffany",2110,"Boston","MA",42.356532,-71.05365
"674",674,674,1214970,"Carson",2111,"Boston","MA",42.349838,-71.06101
"675",675,675,1215045,"Waldo",2112,"Boston","MA",42.338947,-70.919635
"676",676,676,1215222,"Amanda",2113,"Boston","MA",42.365028,-71.05636
"677",677,677,1215360,"Peter",2114,"Boston","MA",42.361792,-71.06774
"678",678,678,1222450,"Robert",2115,"Boston","MA",42.34308,-71.09268
"679",679,679,1223173,"Eduardo",2116,"Boston","MA",42.349622,-71.07372
"680",680,680,1223350,"Tara",2117,"Boston","MA",42.338947,-70.919635
"681",681,681,1223383,"David",2118,"Boston","MA",42.338724,-71.07276
"682",682,682,1223411,"Zachary",2119,"Boston","MA",42.324511,-71.08455
"683",683,683,1223836,"Briana",2120,"Boston","MA",42.332099,-71.09651
"684",684,684,1225467,"Weike",2121,"Boston","MA",42.307448,-71.08127
"685",685,685,1226335,"Jencine",2122,"Boston","MA",42.296298,-71.05454
"686",686,686,1232641,"Michelle",2123,"Boston","MA",42.338947,-70.919635
"687",687,687,1233656,"Tyler",2124,"Boston","MA",42.28713,-71.07156
"688",688,688,1237125,"Shelby",2125,"Boston","MA",42.316852,-71.05811
"689",689,689,1240224,"Landon",2126,"Mattapan","MA",42.272098,-71.09426
"690",690,690,1240357,"Gabriela",2127,"Boston","MA",42.33499,-71.04562
"691",691,691,1246596,"Allan",2128,"Boston","MA",42.378297,-71.0255
"692",692,692,1250505,"Jacob",2129,"Charlestown","MA",42.378619,-71.06495
"693",693,693,1251083,"Chuyin",2130,"Jamaica Plain","MA",42.309998,-71.11171
"694",694,694,1252074,"Jessica",2131,"Roslindale","MA",42.284678,-71.13052
"695",695,695,1252088,"Danielle",2132,"West Roxbury","MA",42.279432,-71.1598
"696",696,696,1252390,"Conor",2133,"Boston","MA",42.338947,-70.919635
"697",697,697,1252596,"Vita",2134,"Allston","MA",42.355147,-71.13164
"698",698,698,1253051,"Sheyda",2135,"Brighton","MA",42.348418,-71.15349
"699",699,699,1253439,"Christina",2136,"Hyde Park","MA",42.252198,-71.12593
"700",700,700,1255061,"Meredith",2137,"Readville","MA",42.338947,-70.919635
"701",701,701,1255226,"Suming",2138,"Cambridge","MA",42.379146,-71.12803
"702",702,702,1256380,"Allison",2139,"Cambridge","MA",42.364347,-71.10431
"703",703,703,1257097,"Gino",2140,"Cambridge","MA",42.393327,-71.12837
"704",704,704,1258755,"Zhicheng",2141,"Cambridge","MA",42.370519,-71.08443
"705",705,705,1259020,"Courtney",2142,"Cambridge","MA",42.362297,-71.08412
"706",706,706,1259525,"Wyatt",2143,"Somerville","MA",42.381929,-71.09908
"707",707,707,1262961,"Arokia Diana",2144,"Somerville","MA",42.399546,-71.12165
"708",708,708,1263142,"Kaiying",2145,"Somerville","MA",42.390846,-71.09225
"709",709,709,1263610,"Kyla",2146,"Brookline","MA",42.308198,-71.088745
"710",710,710,1263620,"Lisa",2147,"Brookline Village","MA",42.180048,-71.08923
"711",711,711,1264174,"Katie",2148,"Malden","MA",42.428549,-71.06059
"712",712,712,1264699,"Jacob",2149,"Everett","MA",42.409916,-71.0522
"713",713,713,1264757,"Scott",2150,"Chelsea","MA",42.396382,-71.03352
"714",714,714,1264843,"Cian",2151,"Revere","MA",42.416247,-71.00525
"715",715,715,1265211,"Elizabeth",2152,"Winthrop","MA",42.373047,-70.97803
"716",716,716,1267430,"Fawsia",2153,"Medford","MA",42.446396,-71.459405
"717",717,717,1267573,"Venkata Narasimha Sriram",2154,"Waltham","MA",42.388938,-71.2398
"718",718,718,1267990,"Karell",2155,"Medford","MA",42.419846,-71.10942
"719",719,719,1268507,"Meghan",2156,"West Medford","MA",42.446396,-71.459405
"720",720,720,1268953,"Srivikas",2157,"Babson Park","MA",42.173933,-71.185494
"721",721,721,1269169,"Mittal",2158,"Newton","MA",42.353696,-71.188149
"722",722,722,1269213,"Nico",2159,"Newton","MA",42.316097,-71.191248
"723",723,723,1269488,"Jesse",2160,"Newton","MA",42.446396,-71.459405
"724",724,724,1279797,"Ibrahim",2161,"Newton","MA",42.446396,-71.459405
"725",725,725,1282316,"LeManuel",2162,"Newton","MA",42.331896,-71.25405
"726",726,726,1282494,"Tim",2163,"Boston","MA",42.367946,-71.12056
"727",727,727,1284787,"Cory",2164,"Newton","MA",42.446396,-71.459405
"728",728,728,1285222,"Min",2165,"Newton","MA",42.446396,-71.459405
"729",729,729,1285374,"John",2166,"Auburndale","MA",42.346146,-71.243057
"730",730,730,1286929,"Claire",2167,"Chestnut Hill","MA",42.320797,-71.169847
"731",731,731,1292832,"Chase",2168,"Waban","MA",42.446396,-71.459405
"732",732,732,1293839,"Zachary",2169,"Quincy","MA",42.250739,-70.99593
"733",733,733,1293879,"Cody",2170,"Quincy","MA",42.267049,-71.01834
"734",734,734,1295021,"Nicole",2171,"Quincy","MA",42.284498,-71.02316
"735",735,735,1298045,"Lauren",2172,"Watertown","MA",42.372596,-71.177998
"736",736,736,1298087,"Sydney",2173,"Lexington","MA",42.446396,-71.459405
"737",737,737,1298336,"Joseph",2174,"Arlington","MA",42.417695,-71.167083
"738",738,738,1298357,"Cristian",2175,"Arlington Heights","MA",42.446396,-71.459405
"739",739,739,1298370,"Madelaine",2176,"Melrose","MA",42.459045,-71.06233
"740",740,740,1298503,"Ryan",2177,"Melrose","MA",42.446396,-71.459405
"741",741,741,1301654,"Kayla",2178,"Belmont","MA",42.446396,-71.459405
"742",742,742,1302313,"Edith",2179,"Waverley","MA",42.446396,-71.459405
"743",743,743,1302352,"Peter",2180,"Stoneham","MA",42.480145,-71.09835
"744",744,744,1302974,"Robert",2181,"Wellesley","MA",42.300596,-71.27875
"745",745,745,1303635,"Justin",2184,"Braintree","MA",42.209555,-70.99968
"746",746,746,1306589,"Andrew",2185,"Braintree","MA",42.180048,-71.08923
"747",747,747,1306930,"Xiang",2186,"Milton","MA",42.253074,-71.07496
"748",748,748,1308561,"Nicole",2187,"Milton Village","MA",42.180048,-71.08923
"749",749,749,1312300,"Chelsea",2188,"Weymouth","MA",42.212866,-70.95872
"750",750,750,1312606,"Aaron",2189,"Weymouth","MA",42.2112,-70.93111
"751",751,751,1313220,"Jeremy",2190,"Weymouth","MA",42.1711,-70.94597
"752",752,752,1313925,"Ivan",2191,"Weymouth","MA",42.242749,-70.94434
"753",753,753,1314677,"Elaine",2192,"Needham","MA",42.180048,-71.08923
"754",754,754,1315174,"Richard",2193,"Weston","MA",42.446396,-71.459405
"755",755,755,1315949,"Kerri",2194,"Needham","MA",42.292547,-71.225799
"756",756,756,1316479,"Christina",2195,"Newton","MA",42.446396,-71.459405
"757",757,757,1316601,"Sophia",2196,"Boston","MA",42.338947,-70.919635
"758",758,758,1317230,"Rawan",2199,"Boston","MA",42.34713,-71.08234
"759",759,759,1317466,"Madison",2201,"Boston","MA",42.338947,-70.919635
"760",760,760,1318757,"Marcus",2202,"Boston","MA",42.361094,-71.061814
"761",761,761,1318778,"Fabio",2203,"Boston","MA",42.361485,-71.060364
"762",762,762,1319978,"Marissa",2204,"Boston","MA",42.338947,-70.919635
"763",763,763,1320502,"Timothy",2205,"Boston","MA",42.350334,-71.053877
"764",764,764,1320585,"Juan Carlos",2206,"Boston","MA",42.338947,-70.919635
"765",765,765,1321781,"Ariel",2207,"Boston","MA",42.338947,-70.919635
"766",766,766,1322296,"Maxwell",2208,"Boston","MA",42.338947,-70.919635
"767",767,767,1324494,"Phillip",2209,"Boston","MA",42.338947,-70.919635
"768",768,768,1325768,"Charles",2210,"Boston","MA",42.347974,-71.04463
"769",769,769,1326137,"Hiromi",2211,"Boston","MA",42.338947,-70.919635
"770",770,770,1326909,"Mallory",2212,"Boston","MA",42.446396,-71.459405
"771",771,771,1326955,"China",2215,"Boston","MA",42.346997,-71.10215
"772",772,772,1327079,"Samuel",2216,"Boston","MA",42.338947,-70.919635
"773",773,773,1329062,"Zecheng",2217,"Boston","MA",42.338947,-70.919635
"774",774,774,1329753,"Summer",2222,"Boston","MA",42.367797,-71.06282
"775",775,775,1337685,"Kimberly",2228,"East Boston","MA",42.35,-71.06
"776",776,776,1338306,"Alishia",2238,"Cambridge","MA",42.446396,-71.459405
"777",777,777,1338934,"Bethany",2239,"Cambridge","MA",42.446396,-71.459405
"778",778,778,1339715,"Brandon",2241,"Boston","MA",42.338947,-70.919635
"779",779,779,1340484,"Tashana",2254,"Waltham","MA",42.446396,-71.459405
"780",780,780,1340542,"Marlayna",2258,"Newton","MA",42.446396,-71.459405
"781",781,781,1341999,"Hoang",2266,"Boston","MA",42.338947,-70.919635
"782",782,782,1343263,"Lisa",2269,"Quincy","MA",42.180048,-71.08923
"783",783,783,1406504,"Trevor",2272,"Watertown","MA",42.446396,-71.459405
"784",784,784,1408155,"Colton",2277,"Watertown","MA",42.446396,-71.459405
"785",785,785,1411273,"Belinda",2283,"Boston","MA",42.338947,-70.919635
"786",786,786,1412086,"Aubrey",2284,"Boston","MA",42.338947,-70.919635
"787",787,787,1413917,"Alexander",2293,"Boston","MA",42.338947,-70.919635
"788",788,788,1415698,"Lorena",2295,"Boston","MA",42.338947,-70.919635
"789",789,789,1416280,"lahari",2297,"Boston","MA",42.338947,-70.919635
"790",790,790,1417302,"Caleb",2298,"Boston","MA",42.34,-71.05
"791",791,791,1419434,"Cameron",2301,"Brockton","MA",42.0794,-71.03441
"792",792,792,1419962,"Lahela",2302,"Brockton","MA",42.08715,-71.00222
"793",793,793,1423346,"Alexandra",2303,"Brockton","MA",41.970474,-70.701357
"794",794,794,1423675,"Marios",2304,"Brockton","MA",41.970474,-70.701357
"795",795,795,1424925,"Snigdha",2305,"Brockton","MA",41.970474,-70.701357
"796",796,796,1425048,"Shawn",2322,"Avon","MA",42.121932,-71.04522
"797",797,797,1431409,"Christina",2324,"Bridgewater","MA",41.979501,-70.97215
"798",798,798,1431439,"Reuben",2325,"Bridgewater","MA",41.98725,-70.972786
"799",799,799,1431672,"Nayef",2327,"Bryantville","MA",42.040708,-70.827245
"800",800,800,1434072,"Adam",2330,"Carver","MA",41.873697,-70.7656
"801",801,801,1434680,"Joe",2331,"Duxbury","MA",41.970474,-70.701357
"802",802,802,1436049,"Ji",2332,"Duxbury","MA",42.031371,-70.70105
"803",803,803,1454052,"Clare",2333,"East Bridgewater","MA",42.029083,-70.95227
"804",804,804,1456312,"Michael",2334,"Easton","MA",42.023528,-71.132397
"805",805,805,1457669,"Nicole",2337,"Elmwood","MA",42.022225,-70.931588
"806",806,806,1459133,"Andrew",2338,"Halifax","MA",41.999851,-70.85395
"807",807,807,1459181,"Sean",2339,"Hanover","MA",42.12867,-70.85913
"808",808,808,1625405,"Liam",2340,"Hanover","MA",42.11,-70.81
"809",809,809,1626065,"Katlynne",2341,"Hanson","MA",42.059434,-70.86205
"810",810,810,1626754,"Misty",2343,"Holbrook","MA",42.148351,-71.01037
"811",811,811,1628862,"Amanda",2344,"Middleboro","MA",41.970474,-70.701357
"812",812,812,1631310,"Darshan Devadas",2345,"Manomet","MA",41.888198,-70.581029
"813",813,813,1636455,"Krishnakantha",2346,"Middleboro","MA",41.889582,-70.89406
"814",814,814,1640382,"Monica",2347,"Lakeville","MA",41.835094,-70.95973
"815",815,815,1641565,"Kathleen",2348,"Middleboro","MA",41.970474,-70.701357
"816",816,816,1648339,"Savannah",2349,"Middleboro","MA",41.970474,-70.701357
"817",817,817,1651467,"William",2350,"Monponsett","MA",42.018525,-70.847486
"818",818,818,1652373,"Alexandra",2351,"Abington","MA",42.119534,-70.94787
"819",819,819,1653069,"Alexander",2355,"North Carver","MA",41.916918,-70.801331
"820",820,820,1653859,"Joseph",2356,"North Easton","MA",42.058507,-71.11309
"821",821,821,1664256,"Daisy",2357,"North Easton","MA",42.064499,-71.087091
"822",822,822,1664654,"Simone",2358,"North Pembroke","MA",41.805219,-70.62642
"823",823,823,1666399,"Jazzmon",2359,"Pembroke","MA",42.065554,-70.80426
"824",824,824,1666664,"Amber",2360,"Plymouth","MA",41.894676,-70.61999
"825",825,825,1666743,"Anslie",2361,"Plymouth","MA",41.970474,-70.701357
"826",826,826,1666851,"Christopher",2362,"Plymouth","MA",41.970474,-70.701357
"827",827,827,1667288,"Scott",2363,"Plymouth","MA",41.959094,-70.706774
"828",828,828,1669297,"Ashley",2364,"Kingston","MA",41.993102,-70.73827
"829",829,829,1669915,"Bronlyn",2366,"South Carver","MA",41.854063,-70.66088
"830",830,830,1688915,"Kyle",2367,"Plympton","MA",41.968987,-70.80452
"831",831,831,1690994,"Marlene",2368,"Randolph","MA",42.173417,-71.04912
"832",832,832,1696775,"julian",2369,"Dennis Port","MA",41.662531,-70.14021
"833",833,833,1711808,"Yangyang",2370,"Rockland","MA",42.129513,-70.91189
